{
  "project_info": {
    "project_number": "697752866634",
    "project_id": "proyectospa-c787d",
    "storage_bucket": "proyectospa-c787d.firebasestorage.app"
  },
  "client": [
    {
      "client_info": {
        "mobilesdk_app_id": "1:697752866634:android:5f5b9fdac96eccf7df7bb3",
        "android_client_info": {
          "package_name": "com.company.spa"
        }
      },
      "oauth_client": [
        {
          "client_id": "697752866634-d6gc677oah33efvua6g5v01mqepc7321.apps.googleusercontent.com",
          "client_type": 3
        }
      ],
      "api_key": [
        {
          "current_key": "AIzaSyBiRhX3E5NxTe2E2REY5Id9tFvExPQawiU"
        }
      ],
      "services": {
        "appinvite_service": {
          "other_platform_oauth_client": [
            {
              "client_id": "697752866634-d6gc677oah33efvua6g5v01mqepc7321.apps.googleusercontent.com",
              "client_type": 3
            }
          ]
        }
      }
    },
    {
      "client_info": {
        "mobilesdk_app_id": "1:697752866634:android:149ebdc34c3babbadf7bb3",
        "android_client_info": {
          "package_name": "com.example.veterinariasnowballnoodles"
        }
      },
      "oauth_client": [
        {
          "client_id": "697752866634-d6gc677oah33efvua6g5v01mqepc7321.apps.googleusercontent.com",
          "client_type": 3
        }
      ],
      "api_key": [
        {
          "current_key": "AIzaSyBiRhX3E5NxTe2E2REY5Id9tFvExPQawiU"
        }
      ],
      "services": {
        "appinvite_service": {
          "other_platform_oauth_client": [
            {
              "client_id": "697752866634-d6gc677oah33efvua6g5v01mqepc7321.apps.googleusercontent.com",
              "client_type": 3
            }
          ]
        }
      }
    },
    {
      "client_info": {
        "mobilesdk_app_id": "1:697752866634:android:92905a84a284b9dcdf7bb3",
        "android_client_info": {
          "package_name": "com.tmdsimple.myloginapp"
        }
      },
      "oauth_client": [
        {
          "client_id": "697752866634-d6gc677oah33efvua6g5v01mqepc7321.apps.googleusercontent.com",
          "client_type": 3
        }
      ],
      "api_key": [
        {
          "current_key": "AIzaSyBiRhX3E5NxTe2E2REY5Id9tFvExPQawiU"
        }
      ],
      "services": {
        "appinvite_service": {
          "other_platform_oauth_client": [
            {
              "client_id": "697752866634-d6gc677oah33efvua6g5v01mqepc7321.apps.googleusercontent.com",
              "client_type": 3
            }
          ]
        }
      }
    },
    {
      "client_info": {
        "mobilesdk_app_id": "1:697752866634:android:5733ca9640f2554cdf7bb3",
        "android_client_info": {
          "package_name": "io.devexpert.android_firebase"
        }
      },
      "oauth_client": [
        {
          "client_id": "697752866634-d6gc677oah33efvua6g5v01mqepc7321.apps.googleusercontent.com",
          "client_type": 3
        }
      ],
      "api_key": [
        {
          "current_key": "AIzaSyBiRhX3E5NxTe2E2REY5Id9tFvExPQawiU"
        }
      ],
      "services": {
        "appinvite_service": {
          "other_platform_oauth_client": [
            {
              "client_id": "697752866634-d6gc677oah33efvua6g5v01mqepc7321.apps.googleusercontent.com",
              "client_type": 3
            }
          ]
        }
      }
    }
  ],
  "configuration_version": "1"
}